INSERT INTO `uniandesteam`.`langage_type` (`idlangage_type`, `name`) VALUES ('1', 'APP');
INSERT INTO `uniandesteam`.`langage_type` (`idlangage_type`, `name`) VALUES ('2', 'Viaje');

INSERT INTO `uniandesteam`.`providers` (`idProviders`, `name`, `description`) VALUES ('0', 'Sin proveedor', 'No se tiene proveedor');
INSERT INTO `uniandesteam`.`providers` (`idProviders`, `name`, `description`) VALUES ('1', 'Aviatur', 'Empresa de viajes');
INSERT INTO `uniandesteam`.`providers` (`idProviders`, `name`, `description`) VALUES ('2', 'Viaja seguro', 'Compañia de viajes');

INSERT INTO `uniandesteam`.`plantype` (`idPlanType`, `name`, `description`) VALUES ('1', 'Ecologico', 'Vivir la Naturaleza');
INSERT INTO `uniandesteam`.`plantype` (`idPlanType`, `name`, `description`) VALUES ('2', 'Romantico', 'Ideal para parejas, lunas de miel');
INSERT INTO `uniandesteam`.`plantype` (`idPlanType`, `name`, `description`) VALUES ('3', 'Aventurero', 'Aventura al limite');
INSERT INTO `uniandesteam`.`plantype` (`idPlanType`, `name`, `description`) VALUES ('4', 'Museos', 'Para apreciar el arte, la historia, la ciencia, etc.');

INSERT INTO `uniandesteam`.`language` (`idLanguage`, `name`, `language_type_id`) VALUES ('1', 'Español', '2');
INSERT INTO `uniandesteam`.`language` (`idLanguage`, `name`, `language_type_id`) VALUES ('2', 'Ingles', '2');

insert into countries (idCountries, name) values (1, 'Polonia');
insert into countries (idCountries, name) values (2, 'China');
insert into countries (idCountries, name) values (3, 'Rusia');
insert into countries (idCountries, name) values (4, 'Colombia');
insert into countries (idCountries, name) values (5, 'Canada');
insert into countries (idCountries, name) values (6, 'Argentina');

insert into cities (idCities, name, country_id) values (1,'Bogotá',4);
insert into cities (idCities, name, country_id) values (2,'Medellín',4);
insert into cities (idCities, name, country_id) values (3,'Cali',4);
insert into cities (idCities, name, country_id) values (4,'Nanjiang',2);
insert into cities (idCities, name, country_id) values (5,'Dongguan',2);
insert into cities (idCities, name, country_id) values (6,'Samara',3);
insert into cities (idCities, name, country_id) values (7,'Cordoba',6);
insert into cities (idCities, name, country_id) values (8,'Buenos aires',6);


INSERT INTO plan  (`idPlan`, `name`, `description`, `value`, `city_id`, `plantype_id`, `language_id`, `provider_id`, `numPerson`, `numDay`, `Image`) VALUES(1, 'Museo del Oro', 'En el Museo del Oro se pueden contemplar piezas orfebres, alfarería y esculturas de la época precolombina, es la colección de orfebrería precolombina más grande del mundo.', 4000, 1, 4, 1, 2, 6, 1, 'http://assets.banrepcultural.org/sites/default/files/styles/general_640x400/public/prensa/adjuntos/gz-expertos.jpg');
INSERT INTO plan  (`idPlan`, `name`, `description`, `value`, `city_id`, `plantype_id`, `language_id`, `provider_id`, `numPerson`, `numDay`, `Image`) VALUES(2, 'Museo Nacional de Colombia', 'El Museo Nacional de Colombia se fundó en 1823 y es el museo más antiguo del país. Se fundó con la intención de conservar y divulgar la cultura colombiana.', 4000, 1, 4, 1, 2, 5, 1, 'http://www.museonacional.gov.co/elementosDifusion/2018/Noticias/4-Abril/home_mnc_2.jpg');
INSERT INTO plan  (`idPlan`, `name`, `description`, `value`, `city_id`, `plantype_id`, `language_id`, `provider_id`, `numPerson`, `numDay`, `Image`) VALUES(3, 'El Jardín Botánico "José Celestino Mutis"', 'El jardín botánico de Bogotá es el más grande de Colombia, con más de 19 hectáreas de extensión.', 2700, 1, 1, 1, 1, 7, 2, 'http://www.jbb.gov.co/components/com_eventgallery/helpers/image.php?option=com_eventgallery&mode=full&view=resizeimage&folder=policianacional&file=policia-00.jpg');
INSERT INTO plan  (`idPlan`, `name`, `description`, `value`, `city_id`, `plantype_id`, `language_id`, `provider_id`, `numPerson`, `numDay`, `Image`) VALUES(4, 'Bogota Romantica', 'Plan ideal para parejas.', 250000, 1, 2, 1, 1, 2, 1, 'http://www.cupomanticos.com/wp-content/uploads/2017/08/noche-romantica-3.jpg.500x375_default.jpg');
INSERT INTO plan  (`idPlan`, `name`, `description`, `value`, `city_id`, `plantype_id`, `language_id`, `provider_id`, `numPerson`, `numDay`, `Image`) VALUES(5, 'Medellin al natural', 'Plan ecológico, ideal para aventurarse y tener un acercamiento con la naturaleza.', 450000, 2, 1, 1, 1, 4, 3, 'http://2.bp.blogspot.com/-BIKoSXrlLFc/UBfqObRGb5I/AAAAAAAAABw/-yPyOSa4L-A/s1600/f.JPG');
INSERT INTO plan  (`idPlan`, `name`, `description`, `value`, `city_id`, `plantype_id`, `language_id`, `provider_id`, `numPerson`, `numDay`, `Image`) VALUES(6, 'Tour de aventura en un quad', 'Siente la emoción de descubrir los paisajes que rodean Medellín en un quad con un tour de aventuras privado, perfecto para los adictos a la adrenalina.', 266000, 2, 3, 1, 2, 8, 1, 'https://cdn.getyourguide.com/img/tour_img-359829-145.jpg');
INSERT INTO plan  (`idPlan`, `name`, `description`, `value`, `city_id`, `plantype_id`, `language_id`, `provider_id`, `numPerson`, `numDay`, `Image`) VALUES(7, 'Cena y Tango', 'Explorar la famosa cultura del tango de Medellín y visitar los puntos calientes de tango de la ciudad.', 212000, 2, 2, 1, 2, 2, 1, 'https://cdn.getyourguide.com/img/tour_img-350608-145.jpg');
INSERT INTO plan  (`idPlan`, `name`, `description`, `value`, `city_id`, `plantype_id`, `language_id`, `provider_id`, `numPerson`, `numDay`, `Image`) VALUES(8, 'Excursión a una plantación de café en Jardín', 'Descubre cómo se produce el café y prueba una muestra de café "gourmet" con este tour de una plantación desde Medellín. ', 154000, 2, 1, 1, 1, 6, 2, 'https://cdn.getyourguide.com/img/tour_img-323702-145.jpg');
INSERT INTO plan  (`idPlan`, `name`, `description`, `value`, `city_id`, `plantype_id`, `language_id`, `provider_id`, `numPerson`, `numDay`, `Image`) VALUES(9, 'Caliwood Museo de la Cinematografía', 'El recientemente abierto museo preserva la mayor colección de proyectores de cine de la nación, así como cámaras filmadoras, cámaras...', 15000, 3, 4, 1, 1, 3, 1, 'http://www.caliwood.com.co/uploads/8/3/5/8/8358201/published/8825586.gif?1531390261');
INSERT INTO plan  (`idPlan`, `name`, `description`, `value`, `city_id`, `plantype_id`, `language_id`, `provider_id`, `numPerson`, `numDay`, `Image`) VALUES(10, 'Andoke', 'Andoke ¡¡Déjate seducir por la naturaleza en Andoke!! En este mariposario, con más de 15 especies de mariposas, disfrutarás también del avistamiento de colibríes, senderos ecológicos y un increíble mapa de Colombia de 2.000 m2 de extensión, único...', 15106, 3, 1, 1, 2, 5, 1, 'http://andoke.com.co/wp-content/uploads/2016/05/investigacion.jpg');
INSERT INTO plan  (`idPlan`, `name`, `description`, `value`, `city_id`, `plantype_id`, `language_id`, `provider_id`, `numPerson`, `numDay`, `Image`) VALUES(11, 'Canyoning', 'A solo 45 minutos de Cali podemos disfrutar de varias actividades de aventura, caminata ecológica,saltos al agua desde 6 metros de altura y canyoning o caminata por rio Las practicas se realizan todas con los implementos de seguridad necesarios y en los sitios donde se necesite', 250000, 3, 3, 1, 2, 4, 1, 'https://backend.planciudad.com/uploads/423x237/events/2018/09/15/canyoning-aventura-1537034482130121.jpg');
INSERT INTO plan  (`idPlan`, `name`, `description`, `value`, `city_id`, `plantype_id`, `language_id`, `provider_id`, `numPerson`, `numDay`, `Image`) VALUES(12, 'Ecoparque de las Garzas', 'EL ECOPARQUE LAS GARZAS es el lugar perfecto para recrearte con tu familia y amigos en medio de la naturaleza, allí encontraras todo tipo de actividades relacionadas con la pesca.', 150000, 3, 1, 1, 1, 6, 2, 'http://ecoparquelasgarzas.com/cache/widgetkit/gallery/60/1004645-dc1404effc.jpg');
INSERT INTO plan  (`idPlan`, `name`, `description`, `value`, `city_id`, `plantype_id`, `language_id`, `provider_id`, `numPerson`, `numDay`, `Image`) VALUES(13, 'Nanjing Museum', '', 45000, 4, 4, 2, 2, 4, 1, 'http://newback.njmuseum.com/UpLoad/exhibition/images/20131101154435888_1.png.jpg');
INSERT INTO plan  (`idPlan`, `name`, `description`, `value`, `city_id`, `plantype_id`, `language_id`, `provider_id`, `numPerson`, `numDay`, `Image`) VALUES(14, 'Xuanwu lake', '', 12000, 4, 1, 2, 1, 6, 1, 'https://upload.wikimedia.org/wikipedia/commons/c/c7/Xuanwulake_city_walls.jpg');
INSERT INTO plan  (`idPlan`, `name`, `description`, `value`, `city_id`, `plantype_id`, `language_id`, `provider_id`, `numPerson`, `numDay`, `Image`) VALUES(15, 'Museo de la guerra del opio', 'Este museo es la principal atracción de Dongguan para aquellos que se interesan por la historia y la cultura. Se encuentra en el barrio de Humen dentro de la ciudad y es uno de los museos chinos especializados en historia. ', 77000, 5, 4, 2, 1, 4, 1, 'http://www.ypzz.cn/en/fres/images/banner_f.jpg');
INSERT INTO plan  (`idPlan`, `name`, `description`, `value`, `city_id`, `plantype_id`, `language_id`, `provider_id`, `numPerson`, `numDay`, `Image`) VALUES(16, 'Parque de Tongsha', 'Está a tan solo media hora en bici del parque Qifeng. Como casi todos los parques del lugar también tiene senderos para recorrerlo en bicicleta. Se trata de un agradable paseo entre la espesura de un bosque con vistas maravillosas.', 25000, 5, 1, 2, 2, 3, 1, 'https://previews.123rf.com/images/sipellen0/sipellen01502/sipellen0150200151/36887510-tongsha-parque-ecológico-dongguan.jpg');
INSERT INTO plan  (`idPlan`, `name`, `description`, `value`, `city_id`, `plantype_id`, `language_id`, `provider_id`, `numPerson`, `numDay`, `Image`) VALUES(17, 'La aldea Shiryaevo', 'Samara turística es ante todo el parque nacional Samárskaya Luká, que se encuentra en el territorio del meandro más grande del río Volga. Aquí se puede pasar unas vacaciones admirables, el fin de semana o dar un paseo de un día', 400000, 6, 1, 2, 2, 5, 3, 'http://tursamara.com/attachments/Image/0ceff85e-75d5-e752-a3bd-3cc8d4eb120a1.jpg?template=generic');
INSERT INTO plan  (`idPlan`, `name`, `description`, `value`, `city_id`, `plantype_id`, `language_id`, `provider_id`, `numPerson`, `numDay`, `Image`) VALUES(18, 'Paseo en barco por el río Volga', 'Es una actividad ideal para llevar a cabo durante los días de verano en Samara. Tomar un barco que nos lleve a recorrer parte del recorrido del río Volga, con el suave balanceo de las olas en el barco, el aire fresco en la cara, los increíbles paisajes y el sol calentando el ambiente, hará que se convierta en un día que no podrá olvidar en mucho tiempo.', 170000, 6, 1, 2, 1, 3, 1, 'https://img.absolutviajes.com/wp-content/uploads/2008/11/rio-volga-1024x529.jpg');
INSERT INTO plan  (`idPlan`, `name`, `description`, `value`, `city_id`, `plantype_id`, `language_id`, `provider_id`, `numPerson`, `numDay`, `Image`) VALUES(19, 'Museo Nacional de Bellas Artes', 'El Museo Nacional de Bellas Artes se encuentra en el barrio de La Recoleta de Buenos Aires. El museo abrió sus puertas en el año 1895 en otro lugar, aunque fue trasladado en 1909 y después, de nuevo en 1933 a su actual ubicación. ', 5000, 8, 4, 1, 2, 7, 1, 'http://www.bellasartes.gob.ar/uploads/paginas/Museo-Cover_frente-museo_2.jpg');
INSERT INTO plan  (`idPlan`, `name`, `description`, `value`, `city_id`, `plantype_id`, `language_id`, `provider_id`, `numPerson`, `numDay`, `Image`) VALUES(20, 'Cena y espectáculo en Piazzolla Tango en Buenos Aires', 'Disfrute de una noche en Buenos Aires en Piazzolla Tango. Situado en la histórica Galería Güemes, Piazzolla Tango es un espectáculo único y entretenido con los mejores intérpretes de tango del mundo. ', 138000, 8, 2, 1, 2, 2, 1, 'https://media-cdn.tripadvisor.com/media/photo-s/0d/f4/f6/07/piazzolla-tango-show.jpg');
INSERT INTO plan  (`idPlan`, `name`, `description`, `value`, `city_id`, `plantype_id`, `language_id`, `provider_id`, `numPerson`, `numDay`, `Image`) VALUES(21, 'Tour del Bioparque Temaikèn', 'Deja Buenos Aires y viaja al bioparque Temaikèn, situado en la ciudad de Belén de Escobar, al noroeste de Tigre y al noreste de Pilar. Al llegar a este parque de 34 hectáreas descubrirás un hábitat de primera clase que recrea los entornos naturales de todos los animales que allí viven', 180000, 8, 1, 1, 2, 5, 1, 'https://cdn.getyourguide.com/img/tour_img-414803-145.jpg');
INSERT INTO plan  (`idPlan`, `name`, `description`, `value`, `city_id`, `plantype_id`, `language_id`, `provider_id`, `numPerson`, `numDay`, `Image`) VALUES(22, 'Tour de 30 minutos en helicóptero', 'Presencia las increíbles vistas del Buenos Aires metropolitano desde un helicóptero. ', 1500000, 8, 3, 1, 2, 2, 1, 'https://cdn.getyourguide.com/img/tour_img-207254-145.jpg');
INSERT INTO plan  (`idPlan`, `name`, `description`, `value`, `city_id`, `plantype_id`, `language_id`, `provider_id`, `numPerson`, `numDay`, `Image`) VALUES(23, 'El Cerro Uritorco: plan con la naturaleza', 'Este cerro situado en el Valle de Punilla se puede alcanzar con distintos objetivos. Algunos lo transitan para encontrarse con uno de los paisajes más bellos de la región.', 130000, 7, 1, 1, 1, 4, 2, 'http://www.veniteapunilla.com/images/os_imagegallery_401/original/cerro-uritorco-capilla-del-monte-cordoba-venite-a-punilla-2.jpg');


INSERT INTO `uniandesteam`.`typeide` (`idTypeIden`, `name`, `initials`) VALUES ('1', 'Cedula de ciudadania', 'CC'), ('2', 'Nit', 'Nit');

INSERT INTO `uniandesteam`.`user` (`idUser`, `typeId`, `first_name`, `last_name`, `birthday`, `email`, `language_Id`, `numTc`) VALUES
(1, 1, 'Adriana', 'Bonilla', '1993-02-16', 'ap.bonilla@uniandes.edu.co', 0, 435644444),
(2, 1, 'Leonardo', 'Merchan', '1992-02-12', ' l.merchanz@uniandes.edu.col', 1, 45678900);

INSERT INTO `uniandesteam`.`guide` (`idGuide`, `name`, `provider_id`) VALUES ('0', 'Sin Guia', '1'), ('1', 'Adolfo Villamizar', '1'), ('2', 'Sara Gonzalez', '1');
